商品コード,商品名,価格,レビュー数,レビュー値,利用可否,店コード,店名,店名URL
sakuragk:10018614,バイオリン Hallstatt V-12 初心者入門セット【ハルシュタット ヴァイオリン V12 ブラウン/ブラック/ホワイト 茶色/黒色/白色】【動画あり】,11100,530,4.04,1,sakuragk,サクラ楽器,https://www.rakuten.co.jp/sakuragk/
n-aegis:10037787,クロスロック バイオリン 4/4用 ハードケース ポリカーボネート材使用 CROSSROCK 4/4 SIZE Violin Hard Case Polycarbonate CRA920VFBK【RCP】,17600,1,5.0,1,n-aegis,N-AEGIS楽天市場店,https://www.rakuten.co.jp/n-aegis/
musiclab:10000415,Fishman V-200 Professional Violin Pickup [並行輸入品][直輸入品]【バイオリン・ビオラ】【フィッシュマン】【新品】,18980,1,5.0,1,musiclab,MUSIC LAB,https://www.rakuten.co.jp/musiclab/
guitarplanet:10042113,"Hofner IGNITION BASS -Sunburst- 新品[ヘフナー][サンバースト][Violin Bass,バイオリンベース]",51040,0,0.0,1,guitarplanet,ギタープラネット,https://www.rakuten.co.jp/guitarplanet/
guitarplanet-online:10085974,"Hofner IGNITION BASS -Sunburst- 新品[ヘフナー][サンバースト][Violin Bass,バイオリンベース]",51040,0,0.0,1,guitarplanet-online,ギタープラネットOnline,https://www.rakuten.co.jp/guitarplanet-online/
ishibashi:10155573,YAMAHA / APX600 OVS (Old Violin Sunburst) 【エレアコ入門セット】 ヤマハ アコースティックギター エレアコ APX600-OVS【YRK】《メンテナンスツールプレゼント/+2308111820004》,43980,0,0.0,1,ishibashi,イシバシ楽器　WEB　SHOP,https://www.rakuten.co.jp/ishibashi/
bigboss-japan:10014012,ミニエレアコギター YAMAHA APX-T2 / Old Violin Sunburst [メンテナンス無料] 【ご予約商品】,26400,1,5.0,1,bigboss-japan,BIGBOSS,https://www.rakuten.co.jp/bigboss-japan/
ishibashi:10147980,【在庫有り】 YAMAHA / APX600 OVS (Old Violin Sunburst) 【薄胴エレアコ】 ヤマハ アコースティックギター アコギ エレアコ APX-600OVS 《ソフトケース付属/+2308111759007》【YRK】《メンテナンスツールプレゼント/+2308111820004》,39800,0,0.0,1,ishibashi,イシバシ楽器　WEB　SHOP,https://www.rakuten.co.jp/ishibashi/
shimamuragakki:10116259,YAMAHA YSV104S RD レッド サイレントバイオリンセット 【弓・ハードケース・松脂 付属】 【ヤマハ SILENT Violin】,128700,0,0.0,1,shimamuragakki,島村楽器,https://www.rakuten.co.jp/shimamuragakki/
sakurayama:10162352,SUZUKI VIOLIN No.1016 4/4 弓 鈴木バイオリン 【送料無料】【smtb-TK】,13420,0,0.0,1,sakurayama,さくら山楽器,https://www.rakuten.co.jp/sakurayama/
ishibashi:10155704,YAMAHA / APXT2 Old Violin Sunburst (OVS) 【入門シンプルセット】 ヤマハ アコギ トラベルエレアコ ミニギター 入門 初心者 APX-T2【YRK】《メンテナンスツールプレゼント/+2308111820004》,28980,0,0.0,1,ishibashi,イシバシ楽器　WEB　SHOP,https://www.rakuten.co.jp/ishibashi/
ishibashi:10147983,【在庫有り】 YAMAHA / CPX600 OVS (Old Violin Sunburst) 《メンテナンスツールプレゼント/+2308111820004》 ヤマハ アコースティックギター エレアコ アコギ CPX-600OVS 《ソフトケース付属/+2308111771009》【YRK】,39800,0,0.0,1,ishibashi,イシバシ楽器　WEB　SHOP,https://www.rakuten.co.jp/ishibashi/
sakurayama:10162355,SUZUKI VIOLIN No.1016 1/4 弓 鈴木バイオリン 【送料無料】【smtb-TK】,13420,0,0.0,1,sakurayama,さくら山楽器,https://www.rakuten.co.jp/sakurayama/
guitarplanet-online:10093053,"Tokai ALS68 VF 新品 ヴァイオリンフィニッシュ[トーカイ][Les Paul,レスポールタイプ][Violin Finish,Sunburst,サンバースト][Electric Guitar,エレキギター][ALS-68]",59840,0,0.0,1,guitarplanet-online,ギタープラネットOnline,https://www.rakuten.co.jp/guitarplanet-online/
shimamuragakki:10116257,YAMAHA YSV104S BR ブラウン サイレントバイオリンセット 【弓・ハードケース・松脂 付属】 【ヤマハ SILENT Violin】,128700,0,0.0,1,shimamuragakki,島村楽器,https://www.rakuten.co.jp/shimamuragakki/
ishibashi:10155711,YAMAHA / APXT2 Old Violin Sunburst (OVS) 【入門スタンダードセット】 ヤマハ アコギ トラベルエレアコ ミニギター 入門 初心者【YRK】《メンテナンスツールプレゼント/+2308111820004》,30500,0,0.0,1,ishibashi,イシバシ楽器　WEB　SHOP,https://www.rakuten.co.jp/ishibashi/
ishibashi:10155582,YAMAHA / CPX600 OVS (Old Violin Sunburst) 【エレアコ入門セット】 ヤマハ アコースティックギター エレアコ CPX-600OVS【YRK】《メンテナンスツールプレゼント/+2308111820004》,43980,0,0.0,1,ishibashi,イシバシ楽器　WEB　SHOP,https://www.rakuten.co.jp/ishibashi/
ishibashi-shops:10824912,YAMAHA / PACIFICA112V Old Violin Sunburst【御茶ノ水本店】【YRK】,33660,0,0.0,1,ishibashi-shops,イシバシ楽器 17Shops,https://www.rakuten.co.jp/ishibashi-shops/
sakurayama:10160528,鈴木バイオリン SUZUKI VIOLIN No.310 1/16 バイオリン単品【送料無料】【smtb-TK】,59070,0,0.0,1,sakurayama,さくら山楽器,https://www.rakuten.co.jp/sakurayama/
sakurayama:10162359,SUZUKI VIOLIN No.1029 4/4 弓 鈴木バイオリン 【送料無料】【smtb-TK】,24860,0,0.0,1,sakurayama,さくら山楽器,https://www.rakuten.co.jp/sakurayama/
ikebe:10093803,●BEST SERVICE CHRIS HEIN SOLO VIOLIN EXTENDED 【D2Rオンライン納品専用ソフトウェア】 ※代金引換不可,29920,0,0.0,1,ikebe,イケベ楽器楽天ショップ,https://www.rakuten.co.jp/ikebe/
sakurayama:10162353,SUZUKI VIOLIN No.1016 3/4 弓 鈴木バイオリン 【送料無料】【smtb-TK】,13420,0,0.0,1,sakurayama,さくら山楽器,https://www.rakuten.co.jp/sakurayama/
sakurayama:10162354,SUZUKI VIOLIN No.1016 1/2 弓 鈴木バイオリン 【送料無料】【smtb-TK】,13420,0,0.0,1,sakurayama,さくら山楽器,https://www.rakuten.co.jp/sakurayama/
ishibashi:10155712,YAMAHA / APXT2 Old Violin Sunburst (OVS) 【電池駆動可能なアコースティック用アンプTHR5Aつきフルセット!!】 ヤマハ アコギ トラベルエレアコ ミニギター 入門 初心者【YRK】《メンテナンスツールプレゼント/+2308111820004》,51800,0,0.0,1,ishibashi,イシバシ楽器　WEB　SHOP,https://www.rakuten.co.jp/ishibashi/
koeido:10011889,HOFNER 1133B Contemporary Violin Bass Strings Flat Wound ドイツ製　Hofner純正【送料無料】【定形外郵便発送】,11880,0,0.0,1,koeido,光栄堂楽器,https://www.rakuten.co.jp/koeido/
sakurayama:10162377,SUZUKI VIOLIN NO.510 4/4サイズ バイオリン 鈴木バイオリン 【送料無料】【smtb-TK】,99000,0,0.0,1,sakurayama,さくら山楽器,https://www.rakuten.co.jp/sakurayama/
shimamuragakki:10109529,YAMAHA TRBX174 OLD VIOLIN SUNBURST ベース 初心者 入門モデル 【ヤマハ】【島村楽器限定販売】,33408,0,0.0,1,shimamuragakki,島村楽器,https://www.rakuten.co.jp/shimamuragakki/
night1:10012603,【数量限定プレゼント付】【ランキング2位】ロングドレス 演奏会 大きいサイズ 高級 プレミアム パーティードレス ロング丈 ビジュー スパンコール ドレス ピアノ バイオリン レディース 20代/30代/40代/50代/春/夏/秋/冬/S/M/L/XL/2L/3L/4L,24800,0,0.0,1,night1,パーティードレス通販ナイトワン,https://www.rakuten.co.jp/night1/
rentaldress:10000161,【子供ドレスレンタル】子供ドレス レンタル【靴セット】キッズドレス 舞台用豪華ドレス M029-YE イエロー【女児 130 140 150 キッズ 結婚式 七五三 写真撮影 コンクール ピアノ 発表会 バイオリン 表彰式 式典 衣裳 衣装 舞台】送料無料,12800,0,0.0,1,rentaldress,こどもレンタルドレスワールド,https://www.rakuten.co.jp/rentaldress/
rentaldress:10000113,【子供ドレスレンタル】子供ドレス レンタル【靴セット】キッズドレス 女の子用フォーマルドレス 日本製 010N-RE レッド【女の子 120 130 140 150 結婚式 七五三 写真撮影 コンクール ピアノ 発表会 バイオリン】【G06】送料無料,12800,3,4.67,1,rentaldress,こどもレンタルドレスワールド,https://www.rakuten.co.jp/rentaldress/
